id	department_id	limit_of_operation	name	password	email	created_at	updated_at
1	1	8	坂口	aaa	k.kiriyama@solink.co.jp	2023-09-25 02:26:21.190962 +00:00	1695608781
2	1	8	青柳	aaa	k.kiriyama@solink.co.jp	2023-09-25 02:26:21.190962 +00:00	1695608781
3	1	8	進	aaa	k.kiriyama@solink.co.jp	2023-09-25 02:26:21.190962 +00:00	1695608781
4	1	8	純	aaa	k.kiriyama@solink.co.jp	2023-09-25 02:26:21.190962 +00:00	1695608781
5	1	8	和幸	aaa	k.kiriyama@solink.co.jp	2023-09-25 02:26:21.190962 +00:00	1695608781
6	1	8	金子	aaa	k.kiriyama@solink.co.jp	2023-09-25 02:26:21.190962 +00:00	1695608781
7	1	8	安達	aaa	k.kiriyama@solink.co.jp	2023-09-25 02:26:21.190962 +00:00	1695608781
8	1	8	柊	aaa	k.kiriyama@solink.co.jp	2023-09-25 02:26:21.190962 +00:00	1695608781
9	2	8	佐々木	aaa	k.kiriyama@solink.co.jp	2023-09-25 02:26:21.190962 +00:00	1695608781
10	2	8	戸井田	aaa	k.kiriyama@solink.co.jp	2023-09-25 02:26:21.190962 +00:00	1695608781
11	2	8	堀籠	aaa	k.kiriyama@solink.co.jp	2023-09-25 02:26:21.190962 +00:00	1695608781
12	2	8	佐藤	aaa	k.kiriyama@solink.co.jp	2023-09-25 02:26:21.190962 +00:00	1695608781
13	2	8	加藤	aaa	k.kiriyama@solink.co.jp	2023-09-25 02:26:21.190962 +00:00	1695608781
14	3	8	菅原	aaa	k.kiriyama@solink.co.jp	2023-09-25 02:26:21.190962 +00:00	1695608781
15	3	8	鈴木	aaa	k.kiriyama@solink.co.jp	2023-09-25 02:26:21.190962 +00:00	1695608781
16	3	8	戸上	aaa	k.kiriyama@solink.co.jp	2023-09-25 02:26:21.190962 +00:00	1695608781
17	3	8	大谷	aaa	k.kiriyama@solink.co.jp	2023-09-25 02:26:21.190962 +00:00	1695608781
18	3	8	侑也	aaa	k.kiriyama@solink.co.jp	2023-09-25 02:26:21.190962 +00:00	1695608781
19	3	8	志田	aaa	k.kiriyama@solink.co.jp	2023-09-25 02:26:21.190962 +00:00	1695608781
20	3	8	堰端	aaa	k.kiriyama@solink.co.jp	2023-09-25 02:26:21.190962 +00:00	1695608781
21	3	8	早坂	aaa	k.kiriyama@solink.co.jp	2023-09-25 02:26:21.190962 +00:00	1695608781
22	3	8	雅貴	aaa	k.kiriyama@solink.co.jp	2023-09-25 02:26:21.190962 +00:00	1695608781
23	3	8	柳澤	aaa	k.kiriyama@solink.co.jp	2023-09-25 02:26:21.190962 +00:00	1695608781
24	3	8	白幡	aaa	k.kiriyama@solink.co.jp	2023-09-25 02:26:21.190962 +00:00	1695608781
25	4	8	山口	aaa	k.kiriyama@solink.co.jp	2023-09-25 02:26:21.190962 +00:00	1695608781
26	4	8	我妻	aaa	k.kiriyama@solink.co.jp	2023-09-25 02:26:21.190962 +00:00	1695608781
27	4	8	平野	aaa	k.kiriyama@solink.co.jp	2023-09-25 02:26:21.190962 +00:00	1695608781
28	4	8	長谷川	aaa	k.kiriyama@solink.co.jp	2023-09-25 02:26:21.190962 +00:00	1695608781
29	4	8	佐久間	aaa	k.kiriyama@solink.co.jp	2023-09-25 02:26:21.190962 +00:00	1695608781
30	4	8	千葉	aaa	k.kiriyama@solink.co.jp	2023-09-25 02:26:21.190962 +00:00	1695608781
31	4	8	荒井	aaa	k.kiriyama@solink.co.jp	2023-09-25 02:26:21.190962 +00:00	1695608781
32	5	8	成田	aaa	k.kiriyama@solink.co.jp	2023-09-25 02:26:21.190962 +00:00	1695608781
33	5	8	廣田	aaa	k.kiriyama@solink.co.jp	2023-09-25 02:26:21.190962 +00:00	1695608781
34	5	8	拓也	aaa	k.kiriyama@solink.co.jp	2023-09-25 02:26:21.190962 +00:00	1695608781
35	5	8	内間	aaa	k.kiriyama@solink.co.jp	2023-09-25 02:26:21.190962 +00:00	1695608781
36	5	8	山並	aaa	k.kiriyama@solink.co.jp	2023-09-25 02:26:21.190962 +00:00	1695608781
37	8	8	浅野　由起	aa	"k.kiriyama@solink.co.jp	"	2023-11-24 05:19:35.204416 +00:00	1700803175
38	8	8	岩井　舞	aa	"k.kiriyama@solink.co.jp	"	2023-11-24 05:19:44.992663 +00:00	1700803184
39	8	8	八重樫　由香里	aa	"k.kiriyama@solink.co.jp	"	2023-11-24 05:19:56.533718 +00:00	1700803196
40	8	8	安田　優衣奈	aa	"k.kiriyama@solink.co.jp	"	2023-11-24 05:20:08.072346 +00:00	1700803208
